Product name,Product price,Product description,link to product
My First Book of Patterns: Pencil Control,₹89,Wonder House Books Editorial 4.6(8) 40% off,https://www.bookswagon.com/my-first-book-of-patterns-pencil-control
Think & Grow Rich: THE 21st CENTURY EDITION,₹119,Napoleon Hill 4.9(7) 40% off,https://www.bookswagon.com/think-grow-rich-the-21st-century-edition
General Knowledge for All-2023,₹21,RPH Editorial Board No Review Yet 40% off,https://www.bookswagon.com/general-knowledge-for-all-2023
White Nights,₹75,Ronald Meyer 5.0(6) 40% off,https://www.bookswagon.com/white-nights
Meditations,₹119,Marcus Aurelius 4.3(6) 40% off,https://www.bookswagon.com/meditations
Power of Your Subconscious Mind,₹119,Dr Joseph Murphy 4.2(6) 40% off,https://www.bookswagon.com/power-of-your-subconscious-mind
You Can,₹89,George Matthew Adams 4.4(5) 40% off,https://www.bookswagon.com/you-can
Brain Activity Book for Kids-200+ Activities for Age 3+,₹75,Maple Press 4.1(7) 41% off,https://www.bookswagon.com/brain-activity-book-for-kids-200-activities-for-age-3
Stop Overthinking,₹176,Nick Trenton NICK TRENTON No Review Yet 40% off,https://www.bookswagon.com/stop-overthinking
201 Brain Booster Activity Book: Fun Activities and Exercises,₹89,Wonder House Books 4.4(7) 40% off,https://www.bookswagon.com/201-brain-booster-activity-book-fun-activities-and-exercises
Apke Avchetan Man Ki Shakti: The Power Of Your Subconscious Mind (Hindi),₹119,4.4(5) 40% off,https://www.bookswagon.com/apke-avchetan-man-ki-shakti-the-power-of-your-subconscious-mind-hindi
Metamorphosis,₹77,Franz Kafka 4.2(6) 40% off,https://www.bookswagon.com/metamorphosis
Richest Man in Babylon,₹4,George S. Clason 4.5(6) 40% off,https://www.bookswagon.com/richest-man-in-babylon
Autobiography of a Yogi,₹114,Yogananda Paramahamsa 4.1(7) 40% off,https://www.bookswagon.com/autobiography-of-a-yogi
Brain Games for Clever Kids,₹119,Gareth Moore 4.5(8) 40% off,https://www.bookswagon.com/brain-games-for-clever-kids
"Artof War (Premium Paperback, Penguin India)",₹59,Sun Tzu 1.0(1) 40% off,https://www.bookswagon.com/artof-war-premium-paperback-penguin-india
Fruits,₹35,Wonder House Books 4.5(6) 40% off,https://www.bookswagon.com/fruits
"Do It Today: Overcome procrastination, improve productivity and achieve more meaningful things",₹119,Darius Foroux 4.3(8) 40% off,https://www.bookswagon.com/do-it-today-overcome-procrastination-improve-productivity-and-achieve-more-meaningful-things
Socho Aur Amir Ho Jao (Think And Grow Rich-Hindi),₹107,4.5(2) 40% off,https://www.bookswagon.com/socho-aur-amir-ho-jao-think-and-grow-rich-hindi
"How To Win Friends & Influence People, International Bestseller",₹107,Dale Carnegie No Review Yet 40% off,https://www.bookswagon.com/how-to-win-friends-influence-people-international-bestseller
